student_id,programming,mathematics,presentation,preferred_role,availability_vector
S001,2,1,5,Coder,000010
S002,1,2,4,Coder,001011
S003,1,3,7,Researcher,100100
S004,7,2,6,Researcher,101010
S005,9,5,10,Researcher,000010
S006,4,2,7,Researcher,110110
S007,5,2,10,Coder,001110
S008,6,1,4,Leader,111001
S009,4,8,7,Presenter,010011
S010,10,7,6,Coder,010000
S011,3,7,10,Leader,111100
S012,9,5,6,Leader,110101
S013,9,3,9,Leader,100100
S014,10,6,8,Leader,011000
S015,10,2,2,Presenter,000101
S016,9,10,7,Coder,011111
S017,2,4,4,Leader,100000
S018,1,4,2,Leader,100110
S019,9,3,10,Presenter,011000
S020,7,6,7,Presenter,100011
S021,2,4,4,Coder,101011
S022,4,2,8,Leader,000001
S023,8,8,4,Presenter,001011
S024,8,5,7,Presenter,001000
S025,6,1,1,Presenter,010000
S026,7,10,10,Researcher,101011
S027,3,5,8,Researcher,001000
S028,9,5,3,Researcher,001101
S029,9,5,10,Leader,100100
S030,9,3,5,Researcher,010111
S031,1,2,7,Researcher,001010
S032,8,9,7,Leader,000010
S033,7,3,1,Researcher,101000
S034,6,9,7,Coder,000100
S035,6,7,4,Researcher,001010
S036,4,8,6,Researcher,000011
S037,5,2,5,Researcher,110010
S038,10,5,1,Leader,111101
S039,10,4,5,Leader,100110
S040,6,10,6,Leader,111111
S041,9,3,4,Presenter,101101
S042,5,4,7,Researcher,111010
S043,2,5,9,Researcher,001000
S044,1,1,4,Presenter,011011
S045,7,4,3,Leader,010010
S046,9,4,2,Presenter,011111
S047,3,8,8,Researcher,011011
S048,2,5,4,Researcher,110000
S049,7,3,4,Leader,111110
S050,4,7,7,Leader,110111
S051,7,9,9,Coder,101110
S052,7,6,7,Coder,100100
S053,7,3,8,Coder,011101
S054,6,6,7,Researcher,110100
S055,6,4,2,Leader,010011
S056,6,3,10,Leader,010011
S057,7,4,2,Coder,010011
S058,6,2,9,Researcher,011011
S059,8,3,7,Coder,111111
S060,4,2,5,Presenter,011101
