source,target,distance,travel_time,crowd_level,stairs,indoor,accessible
N_GATE,W_A_B,95.0,113.1,high,False,False,True
W_A_B,W_CROSS_EAST,105.0,88.24,medium,False,False,True
W_CROSS_EAST,W_SOUTH_STADIUM,100.0,84.03,medium,False,False,True
W_SOUTH_STADIUM,W_CROSS_WEST,120.0,100.84,medium,False,False,True
W_CROSS_WEST,W_WEST_ALLEY,80.0,67.23,medium,False,False,True
W_CROSS_EAST,W_NE_CORNER,174.0,124.29,low,False,False,True
W_NE_CORNER,W_NORTH_STADIUM,100.0,71.43,low,False,False,True
W_NORTH_STADIUM,W_NW_CORNER,120.0,85.71,low,False,False,True
W_NW_CORNER,N_CANTEEN_ENTRANCE,91.2,76.64,medium,False,False,True
N_CANTEEN_ENTRANCE,W_CROSS_WEST,85.3,101.55,high,False,False,True
W_A_B,N_A1_GARDEN,69.0,49.29,low,False,False,True
N_A1_GARDEN,N_A1_ENTRANCE,75.0,53.57,low,False,False,True
W_NE_CORNER,W_A1_ROAD,127.5,91.07,low,False,False,True
W_A1_ROAD,N_A1_ENTRANCE,58.5,41.79,low,False,False,True
W_A1_ROAD,N_A1_PARKING,45.0,32.14,low,False,False,True
W_A_B,N_B_ENTRANCE,73.6,61.85,medium,False,False,True
N_A1_GARDEN,N_B_ENTRANCE,52.2,37.29,low,False,False,True
W_CROSS_EAST,N_A_ENTRANCE,50.2,42.18,medium,False,False,True
N_A1_GARDEN,N_A_ENTRANCE,76.5,54.64,low,False,False,True
N_GATE,N_SOUVENIR,75.3,53.79,low,False,False,True
W_A_B,N_D1_ENTRANCE,40.8,29.14,low,False,False,True
W_A_B,N_D2_ENTRANCE,21.6,15.43,low,False,False,True
W_A_B,N_D3_ENTRANCE,49.7,35.5,low,False,False,True
W_CROSS_EAST,N_D3_ENTRANCE,63.6,45.43,low,False,False,True
W_CROSS_EAST,W_SOUTH_EAST,100.6,71.86,low,False,False,True
N_D3_ENTRANCE,W_SOUTH_EAST,80.8,57.71,low,False,False,True
N_D1_ENTRANCE,N_D1_101,70.0,50.0,low,False,True,True
N_D2_ENTRANCE,N_D2_101,70.0,50.0,low,False,True,True
N_D3_ENTRANCE,N_D3_101,70.0,50.0,low,False,True,True
W_SOUTH_EAST,N_C_ENTRANCE,83.4,59.57,low,False,False,True
N_D1_101,N_C_ENTRANCE,49.6,35.43,low,False,False,True
N_C_ENTRANCE,N_C_101,47.6,34.0,low,False,True,True
N_C_ENTRANCE,N_C_201,48.4,57.62,low,True,True,False
N_C_ENTRANCE,N_C_201,48.4,34.57,low,False,True,True
N_C_201,N_C_ATTIC,40.5,48.21,low,True,True,False
W_CROSS_EAST,N_GREEN_SQUARE,45.6,32.57,low,False,False,True
W_SOUTH_STADIUM,N_GREEN_SQUARE,89.9,64.21,low,False,False,True
W_SOUTH_EAST,N_GREEN_SQUARE,74.3,53.07,low,False,False,True
N_GREEN_SQUARE,N_LIB_ENTRANCE,30.0,21.43,low,False,False,True
N_LIB_ENTRANCE,N_LIB_101,32.0,22.86,low,False,True,True
N_LIB_ENTRANCE,N_LIB_201,32.0,38.1,low,True,True,False
N_LIB_ENTRANCE,N_LIB_201,32.0,22.86,low,False,True,True
N_LIB_ENTRANCE,N_E_ENTRANCE,57.0,40.71,low,False,False,True
N_E_ENTRANCE,N_E_101,26.0,18.57,low,False,True,True
W_CROSS_EAST,N_STADIUM_EAST,87.3,73.36,medium,False,False,True
W_SOUTH_STADIUM,N_STADIUM_PITCH,86.0,61.43,low,False,False,True
W_NORTH_STADIUM,N_STADIUM_PITCH,88.0,62.86,low,False,False,True
N_STADIUM_EAST,N_STADIUM_PITCH,85.0,60.71,low,False,False,True
N_STADIUM_WEST,N_STADIUM_PITCH,85.0,60.71,low,False,False,True
N_STADIUM_WEST,W_CROSS_WEST,92.8,77.98,medium,False,False,True
W_SOUTH_STADIUM,N_D4_ENTRANCE,29.0,20.71,low,False,False,True
N_D4_ENTRANCE,N_D4_101,60.0,42.86,low,False,True,True
N_D4_ENTRANCE,N_D4_PARKING,61.0,43.57,low,False,False,True
N_D4_PARKING,N_D5_ENTRANCE,61.0,43.57,low,False,False,True
N_D5_ENTRANCE,W_CROSS_WEST,21.0,15.0,low,False,False,True
N_D5_ENTRANCE,N_D5_101,60.0,42.86,low,False,True,True
W_SOUTH_STADIUM,W_SOUTH_CENTRAL,98.1,70.07,low,False,False,True
W_SOUTH_CENTRAL,N_LIB_ENTRANCE,65.0,46.43,low,False,False,True
W_SOUTH_CENTRAL,N_D4_101,42.7,30.5,low,False,False,True
W_SOUTH_CENTRAL,N_D6_ENTRANCE,93.4,66.71,low,False,False,True
W_SOUTH_CENTRAL,N_E_ENTRANCE,68.0,48.57,low,False,False,True
N_D6_ENTRANCE,N_D6_101,42.4,30.29,low,False,True,True
N_D5_101,N_D6_ENTRANCE,64.0,45.71,low,False,False,True
N_CANTEEN_ENTRANCE,N_CANTEEN_HALL,35.4,42.14,high,False,True,True
W_WEST_ALLEY,N_D7_ENTRANCE,21.5,15.36,low,False,False,True
N_D7_ENTRANCE,N_D7_101,30.0,21.43,low,False,True,True
W_WEST_ALLEY,N_D7_GROCERY,133.7,95.5,low,False,False,True
N_D7_GROCERY,W_NW_CORNER,123.5,88.21,low,False,False,True
W_WEST_ALLEY,N_D7_PARKING,136.8,97.71,low,False,False,True
N_D7_PARKING,N_D5_101,109.8,78.43,low,False,False,True
N_B_ENTRANCE,N_B_101,42.7,30.5,low,False,True,True
N_A_ENTRANCE,N_A_101,75.0,53.57,low,False,True,True
N_A1_ENTRANCE,N_A1_HALL,39.1,32.86,medium,False,True,True
N_A1_ENTRANCE,N_A1_201,43.0,51.19,low,True,True,False
N_A1_ENTRANCE,N_A1_201,43.0,30.71,low,False,True,True
